driverId,name,ssn,location,certified,wage-plan
10,Stacy Hutchinson,444-06-0037,"99863 Carroll Path
Josephside, ID 47949",N,miles
11,Anthony Rivera,557-99-0260,"8577 Matthew Fords
North Beverlymouth, OK 86304",Y,miles
12,Zachary Proctor,043-82-9841,"4110 Perez Circles Apt. 962
Williamsonfurt, HI 16500",Y,hours
13,William Chase,832-55-6714,"8139 Cassie Avenue Suite 798
North Ricardostad, NY 12512",Y,hours
14,Antonio Hebert,667-35-9428,"54971 Moore Mills Apt. 827
Lake Emily, OH 42304",Y,hours
15,Michael Mckenzie,302-43-0266,"155 Michael Streets Suite 353
Lake Richard, CT 52780",Y,hours
16,Jennifer Thompson,802-38-8008,"9040 Lee Plains
Jasonville, OK 11048",N,hours
17,Carlos Rodriguez,029-92-9499,"9131 Ryan Extension Suite 305
Knightfort, PA 29830",Y,miles
18,Rebecca Stanley,129-91-4029,"6441 Laura Ports Apt. 805
North Holly, TX 81772",Y,hours
19,Gordon Steele,034-97-3363,"024 Bowman Mountain Suite 469
Johnstonstad, NE 98656",Y,miles
20,Leslie Davis,217-21-4656,"PSC 9937, Box 5419
APO AP 13692",Y,miles
21,Ashley Arias,563-01-4956,"9238 Smith Plain
West Robert, NH 08869",N,miles
22,Kristina Young,759-95-3971,"USS Vaughn
FPO AP 52084",Y,hours
23,Sandra Butler,458-30-4014,"78097 Matthew Road Suite 307
West Juan, KY 39005",N,miles
24,Larry Willis,606-54-9438,"USNS Rivera
FPO AE 05327",N,miles
25,Diana Moore,076-59-5108,"18185 Brianna Plains
South Alexisfort, MI 17273",Y,hours
26,Jennifer Pearson,268-59-9364,"Unit 1517 Box 4349
DPO AA 98627",N,miles
27,Nicholas Gillespie,331-80-5117,"90957 Luis Crossroad Suite 416
Lake Erichaven, CO 18317",N,miles
28,Michael Orr,676-68-2466,"7279 Roy Lakes
Lake Kaylaberg, MD 49798",N,hours
29,Alicia Taylor,290-54-6172,"1997 Mora Gateway
South Catherine, IL 40938",N,hours
30,Thomas Smith,880-30-3911,"58875 Morgan Motorway
Lake Garrettport, NC 38653",Y,hours
31,Stephen Riley,369-36-1943,"386 Natalie Plains
West Maria, SD 05057",N,hours
32,Mitchell Reyes,480-14-7783,"326 Jennifer Port
New Jeffrey, MD 46813",Y,miles
33,Jennifer Phillips,241-44-7922,"686 Denise Island
East Thomasbury, PW 23700",N,hours
34,Melinda Hamilton,603-10-9586,"2083 Clark Shoals
Rebeccaton, IA 16031",N,hours
35,Christine Orozco,299-08-5922,"75330 Foster Locks Suite 684
Jackieshire, CT 52552",N,hours
36,Dennis Mendoza,810-44-6252,"6917 Cook Trail Apt. 430
Whiteview, MD 62221",Y,hours
37,Dale Bruce,586-63-9460,"34591 Morris Meadow
Lake Shannon, TX 38218",N,hours
38,Douglas Navarro,795-99-3810,"35461 Adams View Suite 982
East Whitneytown, FL 14044",N,hours
39,Mia Garcia,659-20-7798,"431 Jackson Valleys
Jenniferhaven, AR 06547",N,miles
40,Brandon Blackwell,404-33-5900,"37343 Hines Pass
New Melissaborough, NY 15252",N,hours
41,Katelyn Sanders,846-50-4859,"13023 Carlos Avenue Suite 334
Williamschester, PW 74731",N,miles
42,Michael Guzman,727-63-1168,"2277 Sanders Radial
South Hannahbury, VA 64157",Y,hours
43,Gene Beltran,672-41-1208,"127 Yoder Skyway Apt. 780
Webbberg, TN 84572",N,hours
44,Kimberly Patterson,577-23-3355,"5015 Wright Squares
Cookview, UT 05697",N,hours
45,Robert Harris,475-70-3513,"USS Harris
FPO AE 54635",N,miles
46,Zachary Wright,146-24-3216,"474 Scott Falls Suite 410
North Jacob, AL 63245",Y,miles
47,Lisa Allison DVM,571-45-0587,"37422 Misty Summit Suite 086
Lake Jonathan, AZ 96789",Y,hours
48,Tony Lewis,010-50-9185,"477 Michelle Drives
Smithmouth, WY 18294",N,miles
49,Phillip Owen,318-19-5742,"61119 Destiny Crest
Lisamouth, IA 22343",N,miles
50,Heidi Mcintyre,085-20-7059,"4816 Kelsey Via Apt. 542
Jamesside, LA 93544",Y,miles
51,Julie Jackson,441-10-4517,"655 Howard Unions
Philipshire, OH 06676",N,hours
52,Bradley Moyer,199-42-4701,"54734 Teresa Ports
North Christopher, RI 59854",N,hours
53,Erin Rodriguez,045-49-0368,"6214 Johnson Drive Apt. 789
North Gregoryshire, RI 50215",Y,miles
54,Danielle Wagner,108-37-6580,"38192 Brown Shores
Williamside, TX 96893",N,miles
55,Donna Campbell,866-78-1223,"632 Christine Course Suite 442
Chadbury, RI 35743",Y,hours
56,Jessica Sutton,092-54-0754,"66088 Johnson Crescent Suite 065
Port Gregoryport, NV 09369",Y,hours
57,Brandon Ferguson,302-56-1805,"714 Brandy Fork Suite 086
Stoneport, ND 10901",Y,miles
58,Laura Blevins,215-19-8243,"6530 Scott Shores Suite 378
Berryhaven, MP 58730",Y,hours
59,Sean Clark,406-37-0059,"97834 Alicia Prairie Apt. 230
West Tiffany, MA 22836",Y,hours
60,Zachary Lindsey,474-31-9688,"058 Nichole Fields
Port Maryburgh, VA 45442",N,hours
61,Katie Allen,083-08-2517,"53626 Johnson Meadows Suite 862
South Lori, PA 72789",Y,miles
62,Troy Wyatt,361-07-9541,"USS Simpson
FPO AP 89323",Y,hours
63,Christopher Garcia,720-96-1626,"USNS Lopez
FPO AP 94403",N,hours
64,Daniel Martinez,638-16-5124,"9396 Sweeney Avenue
Ronaldmouth, CT 82727",N,hours
65,Kurt Monroe,555-79-1102,"8192 Joseph Terrace Apt. 443
Lake Stephanie, DC 23389",Y,hours
66,Colleen Moore,703-11-7142,"40577 Carol Stream
South Gwendolynchester, DE 42132",Y,hours
67,Michele Kelley,009-51-7072,"937 Brandon Loop
Westland, CT 21440",Y,miles
68,Don Ortega,587-92-9180,"3603 Bolton Turnpike Suite 685
South Ricky, KY 90058",N,hours
69,Laurie Chavez,452-23-3610,"Unit 3394 Box 1617
DPO AP 74995",N,hours
70,Marcus Heath,264-06-4177,"93311 Brenda Run Apt. 048
Coleton, NV 99774",N,hours
71,Kara Colon,506-76-1307,"140 Andrew Trail Apt. 139
East Diane, WV 38291",Y,miles
72,Jeffrey Hernandez,250-39-7711,"8667 Patrick Avenue Apt. 148
North Jermainefort, NC 97675",Y,hours
73,Jennifer Kirby,276-25-7974,"23354 Barnett Point
Port Joseph, WI 14558",Y,miles
74,Jason Hunter,486-83-7204,"064 John Lodge Apt. 300
Ashleyland, SC 97260",Y,hours
75,Kelsey Wallace,585-61-8764,"1117 Baker Walk Suite 752
Tonyberg, CO 13437",N,hours
76,Cristina Martinez,155-87-3602,"75023 Williamson Walks Suite 493
Wallaceborough, GU 97659",Y,hours
77,Robert Flores,799-68-0724,"41632 Ashley Square Apt. 719
Port Angela, NC 34572",N,miles
78,Aaron Nichols,317-11-9268,"9377 Jones Vista Suite 739
West Bonnieburgh, IN 84253",Y,hours
79,Destiny Wilson,727-40-3015,"USS Reynolds
FPO AA 46838",N,hours
80,Paul Brown,371-39-0868,"639 Charles Club
Port Taylor, WI 23360",Y,hours
81,Rebecca Bailey,466-83-1016,"PSC 7726, Box 1670
APO AP 66470",Y,miles
82,Tyler Lopez,266-69-3590,"Unit 6646 Box 7258
DPO AE 94839",Y,hours
83,Alicia Tucker,754-49-9343,"4539 Cochran Island
Lake Jenniferport, PR 37952",N,hours
84,James Taylor,227-07-2081,"22752 Jason Route Apt. 825
Murilloview, NY 16586",N,miles
85,Lisa Figueroa,171-88-5406,"69565 Rose Causeway Suite 329
Matthewview, CA 96268",N,hours
86,Brenda James,611-10-5056,"93518 Joe Field Apt. 217
Port Christina, TX 92782",Y,hours
87,Richard Murray,792-48-1389,"256 Ryan Fall Apt. 271
Michaelville, FL 43992",Y,miles
88,Lauren Miller,362-71-8374,"290 Brittany Ranch
Vazquezberg, NH 11476",N,miles
89,Nicole Newman,743-88-2302,"576 Vargas Meadows
Reedhaven, NM 50556",N,hours
90,Joseph Thomas,190-21-2039,"27359 Gary Walk Apt. 339
Robinsonmouth, GA 09041",N,hours
91,Evan Kelley,628-26-0833,"1484 Gibson Ferry
Weststad, TN 94247",Y,miles
92,Michael Adams,614-71-9051,"4389 Bonilla Islands Apt. 319
Tonyshire, MT 88517",N,hours
93,Alexis Marshall,044-70-4103,"82213 Benson Walks Suite 133
Port Steventon, GA 11831",N,miles
94,Tammy Osborne,738-55-9717,"5754 George Shoal Suite 760
Mckenzieberg, MT 98177",Y,hours
95,Abigail Rubio,390-62-1315,"USNS Leon
FPO AP 69777",N,miles
96,Wendy Johnson,839-89-8027,"26865 Tina Stravenue Suite 700
Edwardsbury, NM 73401",Y,miles
97,Whitney Sweeney,077-21-6103,"31115 Michael Curve
Loribury, CO 98741",N,miles
98,Laura Lopez,788-90-5365,"897 Brown Tunnel
Goodwinburgh, SD 07856",N,miles
99,Kathryn Shepherd,813-78-4483,"PSC 2442, Box 9965
APO AE 31341",N,hours
100,Caroline Graves,298-14-6994,"70842 Alexandra Pass Suite 678
Alexisfort, NV 36488",N,miles
101,Michelle Lee MD,140-94-6753,"USCGC Holland
FPO AA 94520",N,hours
102,Virginia Bryant,133-28-9559,"3409 Sean Loop Suite 733
Port Carolstad, PR 62983",N,miles
103,Stephanie Dominguez,489-78-0874,"73049 Derrick Village
South Emilymouth, AK 61200",Y,miles
104,Crystal Brown,148-46-7900,"775 Paul Tunnel
Wilsonchester, MS 28859",Y,hours
105,Thomas Armstrong,543-11-1861,"791 Zimmerman Dam
Bushside, IL 11564",Y,hours
106,Elizabeth Martinez,075-57-9345,"3632 Gonzalez Bypass
East Alexandraborough, PW 25398",N,miles
107,Cathy Gibson,315-08-7522,"97233 Alexandria Rapids
Russellchester, MO 62639",N,miles
108,John Allen,352-68-3631,"72483 Evan Fall
Sanchezborough, NH 74261",Y,hours
109,Carl Contreras,190-05-6214,"3497 Carlos Plains
New Brittanyside, LA 97068",Y,hours
